text,summary
"Large Language Models (LLMs) represent a breakthrough in artificial intelligence, enabling machines to process and generate human-like text. These models, such as OpenAI's GPT-4, Google's Gemini, and Meta's LLaMA, are built using Transformer architectures, which rely on deep learning techniques to analyze vast datasets. LLMs are trained on diverse text sources—books, articles, code repositories, and online discussions—allowing them to perform tasks like translation, summarization, and conversational interactions. Their ability to fine-tune for specific applications (e.g., customer service chatbots, coding assistants, or legal document analysis) makes them highly adaptable. However, LLMs face significant challenges. Bias in training data can lead to skewed or harmful outputs, while high computational costs make them expensive to develop and deploy. Additionally, concerns about misinformation and ethical misuse (e.g., generating fake news or deepfake text) persist. Researchers are addressing these issues through Reinforcement Learning from Human Feedback (RLHF) and content moderation techniques, but the balance between capability and safety remains a key debate.","LLMs like GPT-4 use Transformer architectures to generate human-like text, enabling applications from chatbots to coding aids. Challenges include bias, high costs, and ethical concerns, prompting ongoing research into safer and more efficient models."
"Before Transformers, natural language processing (NLP) relied on Recurrent Neural Networks (RNNs) and Long Short-Term Memory (LSTM) models, which processed text sequentially—leading to inefficiencies in handling long-range dependencies. The 2017 paper 'Attention Is All You Need' introduced Transformer models, which use self-attention mechanisms to process words in parallel, drastically improving performance. Key innovations in Transformers include: Multi-head attention: Allows the model to focus on different parts of a sentence simultaneously. Positional encoding: Helps the model understand word order. Scalability: Enables training on massive datasets, leading to models like BERT and GPT. These advancements have powered machine translation (Google Translate), text generation (ChatGPT), and even protein-folding predictions (DeepMind's AlphaFold). However, the computational demands of Transformers remain a barrier, requiring specialized hardware (GPUs/TPUs) and significant energy consumption.","Transformers replaced RNNs by using self-attention for parallel text processing, enabling breakthroughs in NLP. Despite their efficiency, they require substantial computational resources, limiting accessibility for smaller organizations."
"As LLMs become more advanced, ethical concerns grow. Bias in training data can lead to discriminatory outputs—for example, an AI might associate certain jobs with a specific gender. Additionally, misinformation risks arise when models generate plausible but false statements, complicating fact-checking efforts. Another concern is malicious use, such as generating phishing emails or deepfake text. Some governments and organizations are implementing AI ethics guidelines, but enforcement remains inconsistent. Solutions being explored include: Reinforcement Learning from Human Feedback (RLHF): Fine-tuning models using human preferences. Content filtering: Blocking harmful outputs before deployment. Transparency initiatives: Open-source models like LLaMA allow public scrutiny. Despite these measures, balancing innovation with responsibility remains a challenge, requiring collaboration between policymakers, researchers, and industry leaders.","LLMs pose ethical risks like bias and misinformation. Mitigation strategies include RLHF and content moderation, but regulatory frameworks are still evolving to ensure responsible AI use."
"Businesses are rapidly adopting LLMs to automate tasks, enhance customer interactions, and optimize workflows. Examples include: Customer service: AI chatbots (e.g., Zendesk's Answer Bot) handle inquiries 24/7. Content creation: Tools like Jasper.AI assist in drafting marketing copy. Data analysis: LLMs summarize reports and extract insights from unstructured data. However, challenges exist: Over-reliance on AI may reduce human oversight, leading to errors. Privacy concerns arise when sensitive data is processed by third-party models. Cost barriers make advanced LLMs inaccessible to small businesses. Companies must balance automation with human review to maintain accuracy and trust.","LLMs improve efficiency in customer service, marketing, and analytics, but businesses must address privacy, cost, and oversight challenges to maximize benefits."
"AI is evolving beyond text into multimodal models (processing text, images, and audio simultaneously). Examples include OpenAI's Sora (video generation) and Google's Gemini (multimodal reasoning). The long-term goal is Artificial General Intelligence (AGI)—AI that matches human cognitive abilities. However, key hurdles remain: Energy consumption: Training large models has a significant carbon footprint. Alignment problem: Ensuring AI goals match human values. Regulatory uncertainty: Governments struggle to keep pace with AI advancements. Researchers advocate for sustainable AI development and ethical frameworks to guide progress.","Future AI will integrate multimodal capabilities and move toward AGI, but energy use, ethical alignment, and regulation must be addressed."
"LLMs undergo two key phases: Pre-training: Models predict the next word in a sentence using vast datasets (e.g., Wikipedia, books). Fine-tuning: Models are adjusted for specific tasks (e.g., legal analysis, medical Q&A). Challenges include: Hallucinations: Generating false but plausible information. Data limitations: Models can't update knowledge post-training without retraining. Techniques like retrieval-augmented generation (RAG) help mitigate some limitations by allowing models to access external knowledge sources during inference.",LLMs learn via pre-training and fine-tuning but struggle with hallucinations and static knowledge bases. Techniques like RAG help overcome some limitations.
"While GPT-4 (proprietary) leads in performance, open-source models (LLaMA-2, Mistral) offer transparency and customization. Businesses may prefer open models for data privacy, though they require more technical expertise. Key differences: Proprietary models: Better performance but less control over data. Open-source models: More customizable but need technical resources to deploy. The choice depends on use case requirements—enterprises needing turnkey solutions may prefer proprietary options, while research institutions often choose open-source for flexibility.","Open-source LLMs provide transparency and customization but require more technical expertise, while proprietary models offer better performance with less control."
"The self-attention mechanism allows Transformers to weigh word importance dynamically, improving context understanding. This innovation replaced sequential RNN processing, enabling breakthroughs in translation and summarization. How it works: The model calculates attention scores between all words in a sentence. These scores determine how much each word influences the interpretation of others. Benefits include: Parallel processing: All words are analyzed simultaneously. Context awareness: Long-range dependencies are captured effectively. This architecture has become fundamental to modern NLP systems.","Attention mechanisms let Transformers process language efficiently by focusing on relevant words in parallel, enabling better context understanding than sequential models."
"High computational costs, latency, and energy use hinder large-scale LLM deployment. Techniques like model quantization (reducing precision to save memory) and distillation (training smaller models) help but aren't perfect. Other challenges include: Memory constraints: Large models require specialized hardware. Inference speed: Real-time applications need optimization. Solutions being developed: Sparse attention: Reduces computation by ignoring irrelevant tokens. Mixture of Experts: Uses only parts of the model for each task. These approaches aim to make LLMs more practical for widespread use.",LLM deployment faces scalability issues due to resource demands. Optimization techniques like quantization and sparse attention are being developed to improve efficiency.
"AI aids writing, art, and music, but debates continue over originality. Future workflows may blend human creativity with AI assistance, redefining authorship. Current applications include: Writing assistants: Suggest improvements to drafts. Art generation: Tools like DALL-E create images from text. Music composition: AI generates melodies in specific styles. Philosophical questions remain: Can AI be truly creative? Who owns AI-generated content? As these tools evolve, industries are developing new standards for attribution and copyright in the age of AI collaboration.",AI enhances creative processes but raises questions about human originality and collaboration. Industries are developing new standards for AI-assisted creative work.
"The transformer architecture's encoder-decoder structure enables superior machine translation performance. The encoder processes input text into contextual representations, while the decoder generates output sequences. This dual-stack design allows models like Google's Transformer and Facebook's FairSeq to achieve state-of-the-art results in language tasks. The separation of processing and generation phases provides computational efficiency while maintaining high accuracy. Recent variants like encoder-only (BERT) and decoder-only (GPT) models demonstrate the architecture's flexibility for different NLP applications.",Transformer's encoder-decoder design enables efficient machine translation. Variants like BERT and GPT show the architecture's adaptability to different NLP tasks.
"Prompt engineering has emerged as a critical skill for working with LLMs. Effective prompts can dramatically improve model outputs through techniques like few-shot learning, chain-of-thought prompting, and role specification. Well-structured prompts provide context, examples, and clear instructions to guide the model. Advanced methods include: 1) Temperature tuning for creativity control 2) Top-p sampling for output diversity 3) System messages for behavior shaping. Mastering these techniques allows users to extract maximum value from LLMs while minimizing unwanted outputs.",Prompt engineering techniques like few-shot learning and temperature tuning optimize LLM outputs. Proper prompting is essential for effective AI interactions.
"The computational cost of training LLMs has grown exponentially with model size. Training GPT-3 required thousands of GPUs and millions in compute costs. This creates significant barriers to entry, concentrating AI development in well-funded organizations. Strategies to reduce costs include: 1) Model distillation 2) Mixed-precision training 3) Efficient attention mechanisms 4) Sparse architectures. While these methods help, the fundamental trade-off between capability and resource requirements remains a key challenge in democratizing AI development.","LLM training costs create barriers to entry. Techniques like model distillation help, but capability-resource trade-offs persist in AI development."
"Retrieval-Augmented Generation (RAG) combines LLMs with external knowledge sources to reduce hallucinations. The system first retrieves relevant documents, then generates answers grounded in this information. This architecture offers several advantages: 1) More accurate factual responses 2) Easier knowledge updates 3) Traceable sources. RAG systems are particularly valuable for applications requiring current information like news analysis or technical support. The approach demonstrates how hybrid systems can overcome pure LLM limitations.",RAG systems combine LLMs with external knowledge to improve accuracy. This hybrid approach reduces hallucinations and enables knowledge updates.
"Multilingual LLMs like mT5 and NLLB demonstrate impressive cross-language capabilities. These models are trained on hundreds of languages simultaneously, learning shared representations that enable translation and multilingual understanding. Key challenges include: 1) Resource disparity between languages 2) Script and structural differences 3) Cultural context incorporation. Despite these hurdles, multilingual models are breaking down language barriers and enabling global applications of AI technology with a single unified system.",Multilingual LLMs handle hundreds of languages but face challenges in resource disparity and cultural context. They enable global AI applications.
"The scaling laws of LLMs reveal predictable relationships between model size, data, and performance. Research shows that increasing parameters, training data, and compute leads to consistent quality improvements. However, these scaling laws also suggest: 1) Diminishing returns at extreme scales 2) The need for architectural innovations 3) Emerging capabilities at certain thresholds. Understanding these patterns helps guide efficient resource allocation in model development and predicts future progress in AI capabilities.",LLM scaling laws show predictable performance patterns with size and data. They guide development but suggest diminishing returns at extreme scales.
"Few-shot learning allows LLMs to adapt to new tasks with minimal examples. Unlike traditional ML requiring large datasets, few-shot learning leverages the model's pre-existing knowledge. This capability enables: 1) Rapid prototyping 2) Low-resource applications 3) Flexible task switching. The technique works by presenting task descriptions and examples in the prompt itself, activating relevant patterns in the model's parameters. Few-shot learning demonstrates how LLMs can generalize from their broad training to specific use cases.","Few-shot learning enables LLMs to adapt to new tasks with minimal examples, demonstrating remarkable generalization from pre-trained knowledge."
"AI safety research focuses on aligning LLM behavior with human values. Key approaches include: 1) Constitutional AI - defining rules for model behavior 2) Red teaming - adversarial testing 3) Interpretability - understanding model decisions 4) Uncertainty quantification - knowing when the model is unsure. These methods aim to create AI systems that are helpful, honest, and harmless. As models grow more capable, robust safety measures become increasingly critical for responsible deployment.","AI safety research develops methods to align LLMs with human values through constitutional rules, testing, and interpretability techniques."
"Model compression techniques make LLMs practical for deployment. Key methods include: 1) Quantization - reducing numerical precision 2) Pruning - removing unnecessary weights 3) Knowledge distillation - training smaller models 4) Architecture search - finding efficient designs. These approaches can reduce model size by 10x or more with minimal accuracy loss. Compression enables LLMs to run on edge devices, mobile phones, and in resource-constrained environments, dramatically expanding their potential applications.",Compression techniques like quantization and pruning enable LLM deployment on edge devices by reducing size while maintaining performance.
"The AI hardware ecosystem is evolving to support LLMs. Specialized processors like TPUs and AI accelerators optimize for transformer workloads. Key developments include: 1) Sparse attention hardware 2) Memory bandwidth improvements 3) Low-precision arithmetic units 4) 3D chip stacking. These innovations address the unique computational patterns of LLMs, offering order-of-magnitude improvements in speed and efficiency. The co-evolution of hardware and algorithms will determine the future scalability of AI systems.","Specialized AI hardware like TPUs accelerates LLMs through features optimized for transformer workloads, enabling more efficient model execution."
